dorsal,tipus,temps_pujada,temps_baixada
1,BEBB,3328,1333
2,BEBB,2876,1839
3,BEBB,3060,1413
4,BEBB,3464,1118
5,BEBB,3055,1616
6,BEBB,3190,1821
7,BEBB,3527,1427
8,BEBB,3336,2065
9,BEBB,3100,1208
10,BEBB,3428,1618
11,BEBB,3149,1904
12,BEBB,3351,1468
13,BEBB,3096,1590
14,BEBB,3110,1514
15,BEBB,3282,1321
16,BEBB,3222,1765
17,BEBB,3362,1369
18,BEBB,3193,1557
19,BEBB,3381,1894
20,BEBB,3169,1499
21,BEBB,3183,2069
22,BEBB,2974,1314
23,BEBB,3074,1707
24,BEBB,3152,1352
25,BEBB,3293,1347
26,BEBB,3420,1473
27,BEBB,3001,1186
28,BEBB,3500,1183
29,BEBB,3730,1022
30,BEBB,3303,1604
31,BEBB,3778,1483
32,BEBB,3292,1686
33,BEBB,3207,1505
34,BEBB,3140,1634
35,BEBB,3337,1358
36,BEBB,3004,1420
37,BEBB,3500,1233
38,BEBB,3376,1493
39,BEBB,3207,1684
40,BEBB,3095,1267
41,BEBB,3554,1530
42,BEBB,3554,1040
43,BEBB,3633,1569
44,BEBB,3185,1303
45,BEBB,3088,1391
46,BEBB,3233,1362
47,BEBB,3408,1538
48,BEBB,3592,1286
49,BEBB,3474,1280
50,BEBB,3550,1354
51,BEBB,3088,1539
52,BEBB,3314,1507
53,BEBB,2738,1666
54,BEBB,3283,1743
55,BEBB,3274,1813
56,BEBB,3417,1248
57,BEBB,3230,1168
58,BEBB,3131,1146
59,BEBB,3332,1715
60,BEBB,3589,1765
61,BEBB,3454,1540
62,BEBB,3417,1189
63,BEBB,3320,1566
64,BEBB,2978,1655
65,BEBB,3771,1554
66,BEBB,3427,1645
67,BEBB,2832,1630
68,BEBB,3112,1514
69,BEBB,3118,1621
70,BEBB,2932,1478
71,BEBB,3779,1388
72,BEBB,2351,1518
73,BEBB,3454,1566
74,BEBB,2843,989
75,BEBB,3337,1270
76,BEBB,3055,1378
77,BEBB,3086,1617
78,BEBB,3075,1755
79,BEBB,3142,1543
80,BEBB,3210,2169
81,BEBB,3267,1989
82,BEBB,3006,1554
83,BEBB,3396,1727
84,BEBB,3491,1691
85,BEBB,3789,1478
86,BEBB,2946,1354
87,BEBB,3414,1779
88,BEBB,3197,1586
89,BEBB,3039,1408
90,BEBB,3362,1332
91,BEBB,3150,1391
92,BEBB,3167,1422
93,BEBB,3340,1455
94,BEBB,3154,1083
95,BEBB,3182,1607
96,BEBB,3506,1325
97,BEBB,3217,1345
98,BEBB,3300,1450
99,BEBB,3239,1670
100,BEBB,3119,1430
101,BEBB,3407,1389
102,BEBB,2960,1295
103,BEBB,2759,1556
104,BEBB,3029,1346
105,BEBB,3130,1448
106,BEBB,3138,1468
107,BEBB,3274,1372
108,BEBB,3560,1752
109,BEBB,3226,1552
110,BEBB,3234,1681
111,BEBB,3379,1394
112,BEBB,3158,1379
113,BEBB,3108,1470
114,BEBB,3157,1260
115,BEBB,3006,1507
116,BEBB,3230,1270
117,BEBB,3039,1496
118,BEBB,3224,1409
119,BEBB,3458,1128
120,BEBB,3282,1395
121,BEBB,2979,1591
122,BEBB,3176,1353
123,BEBB,3578,1348
124,BEBB,3281,1976
125,BEBB,2892,1273
126,BEBB,3374,1553
127,BEBB,3312,1198
128,BEBB,3469,1285
129,BEBB,2817,1402
130,BEBB,3114,1550
131,BEBB,3088,1309
132,BEBB,3001,1328
133,BEBB,3077,1456
134,BEBB,3467,1428
135,BEBB,3434,1215
136,BEBB,3012,1770
137,BEBB,3279,1397
138,BEBB,3095,1123
139,BEBB,3291,2091
140,BEBB,3290,1579
141,BEBB,3333,1545
142,BEBB,3232,1561
143,BEBB,3027,1582
144,BEBB,3309,1835
145,BEBB,3374,1588
146,BEBB,3074,1344
147,BEBB,3403,1319
148,BEBB,3278,1488
149,BEBB,3777,1445
150,BEBB,2788,1230
151,BEBB,3153,1785
152,BEBB,3574,1430
153,BEBB,3426,1680
154,BEBB,3449,1466
155,BEBB,3212,1349
156,BEBB,3530,1347
157,BEBB,3459,1632
158,BEBB,3278,1489
159,BEBB,3260,1584
160,BEBB,3514,1437
161,BEBB,3703,1401
162,BEBB,3489,1211
163,BEBB,3686,1883
164,BEBB,3144,1520
165,BEBB,3705,1669
166,BEBB,3169,1406
167,BEBB,3192,1560
168,BEBB,2941,1617
169,BEBB,3167,1303
170,BEBB,3317,1424
171,BEBB,3016,1168
172,BEBB,3408,1494
173,BEBB,2925,1573
174,BEBB,3604,1541
175,BEBB,3350,1772
176,BEBB,3240,1346
177,BEBB,3417,883
178,BEBB,2878,1460
179,BEBB,3399,1923
180,BEBB,3282,1169
181,BEBB,3041,1181
182,BEBB,3343,1749
183,BEBB,3378,1579
184,BEBB,3374,1152
185,BEBB,3531,1238
186,BEBB,2928,1598
187,BEBB,2810,1454
188,BEBB,3040,1529
189,BEBB,2579,1478
190,BEBB,3319,1425
191,BEBB,3384,1359
192,BEBB,2999,1863
193,BEBB,3239,1303
194,BEBB,3513,1274
195,BEBB,2807,1546
196,BEBB,3064,1183
197,BEBB,3149,1508
198,BEBB,3296,1705
199,BEBB,3151,1558
200,BEBB,3307,1283
201,BEBB,3331,1628
202,BEBB,3121,1239
203,BEBB,3571,1121
204,BEBB,3551,1343
205,BEBB,3151,1558
206,BEBB,3456,1384
207,BEBB,3318,1170
208,BEBB,3177,972
209,BEBB,3193,1313
210,BEBB,3013,1160
211,BEBB,3045,1299
212,BEBB,2966,1015
213,BEBB,3576,1475
214,BEBB,3438,1298
215,BEBB,3523,1791
216,BEBB,3264,1282
217,BEBB,3244,1589
218,BEBB,3030,1274
219,BEBB,3225,1189
220,BEBB,2956,1444
221,BEBB,3577,1947
222,BEBB,3632,1660
223,BEBB,2849,1249
224,BEBB,3588,1047
225,BEBB,3168,1669
226,BEBB,3125,1272
227,BEBB,3699,1627
228,BEBB,3282,1184
229,BEBB,3108,1197
230,BEBB,2895,1628
231,BEBB,3320,1785
232,BEBB,3247,1218
233,BEBB,3441,1203
234,BEBB,3388,1440
235,BEBB,3381,1608
236,BEBB,3239,1493
237,BEBB,2988,935
238,BEBB,3398,1303
239,BEBB,3167,1388
240,BEBB,3019,1766
241,BEBB,3606,1590
242,BEBB,3251,1157
243,BEBB,3176,1645
244,BEBB,3208,1527
245,BEBB,2925,1221
246,BEBB,3204,1552
247,BEBB,2941,1628
248,BEBB,3085,1499
249,BEBB,2980,1563
250,BEBB,3056,1073
251,BEBB,2906,1402
252,BEBB,3574,1646
253,BEBB,2997,1596
254,BEBB,3066,1334
255,BEBB,3384,1838
256,BEBB,3400,1532
257,BEBB,3503,1546
258,BEBB,3338,1473
259,BEBB,3081,1693
260,BEBB,3102,1619
261,BEBB,3177,1641
262,BEBB,3367,1324
263,BEBB,3544,1456
264,BEBB,3099,2085
265,BEBB,3218,1399
266,BEBB,2795,1572
267,BEBB,3408,1293
268,BEBB,3184,1654
269,BEBB,3037,1428
270,BEBB,2715,1415
271,BEBB,3085,1415
272,BEBB,3085,1035
273,BEBB,3340,1085
274,BEBB,3649,1072
275,BEBB,3371,1565
276,BEBB,3156,994
277,BEBB,3127,1231
278,BEBB,3203,1434
279,BEBB,3235,1707
280,BEBB,3499,1606
281,BEBB,2996,1223
282,BEBB,2597,1660
283,BEBB,3161,1792
284,BEBB,3259,1355
285,BEBB,3402,923
286,BEBB,3287,1446
287,BEBB,3049,1244
288,BEBB,3304,1306
289,BEBB,3683,1613
290,BEBB,3128,1789
291,BEBB,3309,1900
292,BEBB,2857,1652
293,BEBB,3117,1602
294,BEBB,3543,1129
295,BEBB,3261,1648
296,BEBB,2883,1537
297,BEBB,3203,1428
298,BEBB,3011,1760
299,BEBB,2878,1469
300,BEBB,3482,1406
301,BEBB,3145,1239
302,BEBB,3461,1293
303,BEBB,3191,941
304,BEBB,3066,1279
305,BEBB,3297,1498
306,BEBB,3164,1338
307,BEBB,2934,1466
308,BEBB,2747,1031
309,BEBB,3385,1204
310,BEBB,3265,723
311,BEBB,3116,1651
312,BEBB,3031,1246
313,BEBB,3174,1587
314,BEBB,3592,1495
315,BEBB,3017,1548
316,BEBB,2951,1377
317,BEBB,3945,1756
318,BEBB,3084,1096
319,BEBB,3209,1479
320,BEBB,3144,1823
321,BEBB,3290,1685
322,BEBB,3293,2084
323,BEBB,3250,1311
324,BEBB,3214,1542
325,BEBB,3366,1636
326,BEBB,3378,1097
327,BEBB,3008,1245
328,BEBB,3148,1317
329,BEBB,3525,1154
330,BEBB,2816,1488
331,BEBB,3550,1540
332,BEBB,2915,1076
333,BEBB,2965,1067
334,BEBB,3526,1648
335,BEBB,3245,1424
336,BEBB,3212,1354
337,BEBB,3631,1270
338,BEBB,3678,1461
339,BEBB,3543,1456
340,BEBB,3481,1530
341,BEBB,3357,1484
342,BEBB,3095,1670
343,BEBB,3299,927
344,BEBB,3807,1435
345,BEBB,2980,1758
346,BEBB,3299,1174
347,BEBB,3029,1671
348,BEBB,3480,1317
349,BEBB,2927,1747
350,BEBB,3101,1300
351,BEBB,3149,1139
352,BEBB,3465,1434
353,BEBB,3168,1380
354,BEBB,3372,1350
355,BEBB,3180,1265
356,BEBB,3334,1227
357,BEBB,3368,1336
358,BEBB,3044,1181
359,BEBB,3349,1607
360,BEBB,3449,1417
361,BEBB,3307,1597
362,BEBB,3265,1431
363,BEBB,3184,1369
364,BEBB,3061,1572
365,BEBB,3621,1283
366,BEBB,3077,1516
367,BEBB,3026,1725
368,BEBB,3288,1185
369,BEBB,3548,1582
370,BEBB,2989,1102
371,BEBB,3351,1595
372,BEBB,3007,1699
373,BEBB,3030,1076
374,BEBB,3005,1557
375,BEBB,3351,1844
376,BEBB,2772,1015
377,BEBB,3101,905
378,BEBB,3247,1519
379,BEBB,3260,1164
380,BEBB,2992,1501
381,BEBB,3055,1174
382,BEBB,3168,1579
383,BEBB,3427,1406
384,BEBB,3143,1682
385,BEBB,3228,1280
386,BEBB,3487,1231
387,BEBB,2952,1638
388,BEBB,3316,1507
389,BEBB,2956,1660
390,BEBB,3346,1005
391,BEBB,3071,1583
392,BEBB,3303,1331
393,BEBB,3133,1560
394,BEBB,3113,1292
395,BEBB,3615,1544
396,BEBB,2838,1456
397,BEBB,3008,1489
398,BEBB,3044,1318
399,BEBB,3237,1506
400,BEBB,2871,1048
101,BEMB,2834,2192
102,BEMB,3141,2483
103,BEMB,3537,2337
104,BEMB,3247,1876
105,BEMB,3382,2297
106,BEMB,3460,1982
107,BEMB,3110,1961
108,BEMB,3409,2489
109,BEMB,2925,2165
110,BEMB,3356,1966
111,BEMB,3347,2085
112,BEMB,3080,2060
113,BEMB,3390,2064
114,BEMB,2956,1772
115,BEMB,3008,1853
116,BEMB,3391,2290
117,BEMB,3261,2035
118,BEMB,3515,2377
119,BEMB,3231,1752
120,BEMB,3223,2653
121,BEMB,3376,1797
122,BEMB,3297,1901
123,BEMB,3552,1814
124,BEMB,3280,2156
125,BEMB,3118,2335
126,BEMB,3369,2697
127,BEMB,3159,2239
128,BEMB,3255,2072
129,BEMB,2898,2133
130,BEMB,3256,2090
131,BEMB,3250,2013
132,BEMB,3415,2015
133,BEMB,3432,2336
134,BEMB,3542,1977
135,BEMB,3467,2365
136,BEMB,2801,2670
137,BEMB,2931,2322
138,BEMB,3163,2572
139,BEMB,3226,2414
140,BEMB,3017,1910
141,BEMB,3223,1933
142,BEMB,2946,1618
143,BEMB,3191,1943
144,BEMB,3294,2478
145,BEMB,3097,2162
146,BEMB,3006,2406
147,BEMB,2680,2143
148,BEMB,3253,1942
149,BEMB,3734,1783
150,BEMB,3364,2045
151,BEMB,3523,1872
152,BEMB,3065,2162
153,BEMB,3164,2189
154,BEMB,2961,2272
155,BEMB,3053,1390
156,BEMB,3665,2354
157,BEMB,3045,1850
158,BEMB,3034,2526
159,BEMB,3386,2323
160,BEMB,3410,2718
161,BEMB,3412,1805
162,BEMB,2933,2390
163,BEMB,3341,1944
164,BEMB,3233,2091
165,BEMB,3266,2321
166,BEMB,3048,2376
167,BEMB,2943,2430
168,BEMB,2717,2028
169,BEMB,3353,2149
170,BEMB,2975,1954
171,BEMB,3779,2023
172,BEMB,3296,2212
173,BEMB,3325,1897
174,BEMB,3055,2154
175,BEMB,3761,2350
176,BEMB,2889,1948
177,BEMB,2723,2364
178,BEMB,2962,2232
179,BEMB,2854,1586
180,BEMB,3353,2339
181,BEMB,3195,2106
182,BEMB,2872,2356
183,BEMB,3380,1956
184,BEMB,3088,2179
185,BEMB,3419,2185
186,BEMB,3488,2063
187,BEMB,3334,1856
188,BEMB,3134,1991
189,BEMB,3574,2066
190,BEMB,3022,2180
191,BEMB,2774,2228
192,BEMB,2901,2134
193,BEMB,3407,2326
194,BEMB,3140,1747
195,BEMB,3434,2415
196,BEMB,3293,1797
197,BEMB,3269,2196
198,BEMB,2809,2085
199,BEMB,3084,1416
200,BEMB,3189,2324
201,BEMB,3020,1806
202,BEMB,3171,2075
203,BEMB,2892,2402
204,BEMB,3369,2070
205,BEMB,2999,2079
206,BEMB,3055,2632
207,BEMB,3241,2323
208,BEMB,3255,2047
209,BEMB,3417,1907
210,BEMB,3403,2481
211,BEMB,3355,2330
212,BEMB,3006,2415
213,BEMB,3103,2567
214,BEMB,3283,2296
215,BEMB,3032,1954
216,BEMB,2944,2064
217,BEMB,3314,2233
218,BEMB,3537,2190
219,BEMB,3136,1988
220,BEMB,2679,1646
221,BEMB,3192,1974
222,BEMB,3349,2446
223,BEMB,3127,2043
224,BEMB,3224,2263
225,BEMB,3324,2407
226,BEMB,2954,2345
227,BEMB,3428,1907
228,BEMB,3481,2350
229,BEMB,2836,2043
230,BEMB,3396,1852
231,BEMB,2928,2510
232,BEMB,3584,1730
233,BEMB,3021,2205
234,BEMB,3277,2534
235,BEMB,3006,2146
236,BEMB,3282,2269
237,BEMB,3054,2008
238,BEMB,3187,1923
239,BEMB,2882,1930
240,BEMB,3391,1705
241,BEMB,3091,2404
242,BEMB,2974,2394
243,BEMB,2914,1762
244,BEMB,2886,1672
245,BEMB,3477,2065
246,BEMB,3043,2181
247,BEMB,2830,1949
248,BEMB,2992,2204
249,BEMB,3076,2091
250,BEMB,3357,2551
251,BEMB,3454,2267
252,BEMB,3321,2225
253,BEMB,2983,2054
254,BEMB,3399,2039
255,BEMB,3165,2601
256,BEMB,3268,2717
257,BEMB,3438,1638
258,BEMB,3593,2707
259,BEMB,2935,2431
260,BEMB,3262,2201
261,BEMB,2793,2028
262,BEMB,3418,2016
263,BEMB,3253,2085
264,BEMB,3111,2529
265,BEMB,3303,2446
266,BEMB,3360,1986
267,BEMB,3257,2417
268,BEMB,3612,2156
269,BEMB,3221,2271
270,BEMB,3315,2197
271,BEMB,3238,2341
272,BEMB,3554,2160
273,BEMB,2878,1967
274,BEMB,2682,1863
275,BEMB,2911,2367
276,BEMB,3768,1890
277,BEMB,3460,2063
278,BEMB,3121,2256
279,BEMB,3170,2352
280,BEMB,3257,1972
281,BEMB,3020,1791
282,BEMB,3318,2329
283,BEMB,3281,2078
284,BEMB,3131,2142
285,BEMB,3001,2471
286,BEMB,3167,2025
287,BEMB,2738,2034
288,BEMB,3409,2540
289,BEMB,2640,2129
290,BEMB,3483,2670
291,BEMB,3845,1774
292,BEMB,2861,2050
293,BEMB,2581,2161
294,BEMB,3311,1955
295,BEMB,3416,2190
296,BEMB,3173,2168
297,BEMB,3928,2015
298,BEMB,3061,2573
299,BEMB,3317,2001
300,BEMB,3478,2615
301,BEMB,3031,2293
302,BEMB,3347,2364
303,BEMB,2916,1735
304,BEMB,3503,2091
305,BEMB,2672,1887
306,BEMB,3175,2352
307,BEMB,3170,2134
308,BEMB,3008,1569
309,BEMB,3177,1749
310,BEMB,3421,2167
311,BEMB,3071,1924
312,BEMB,3461,1831
313,BEMB,3336,2023
314,BEMB,3643,2051
315,BEMB,3599,1772
316,BEMB,3152,2100
317,BEMB,3427,2134
318,BEMB,3116,2282
319,BEMB,3989,2012
320,BEMB,3240,2142
321,BEMB,2961,2495
322,BEMB,2964,2052
323,BEMB,3235,2324
324,BEMB,3095,2403
325,BEMB,3093,2369
326,BEMB,2970,2294
327,BEMB,3371,2091
328,BEMB,3192,2105
329,BEMB,3796,2665
330,BEMB,3320,1994
331,BEMB,3156,2601
332,BEMB,2911,2207
333,BEMB,3793,1956
334,BEMB,3474,2370
335,BEMB,3220,2435
336,BEMB,3201,2094
337,BEMB,2960,2111
338,BEMB,2992,2551
339,BEMB,2807,2246
340,BEMB,3102,2850
341,BEMB,3386,2085
342,BEMB,3235,2203
343,BEMB,3173,2449
344,BEMB,3224,2259
345,BEMB,3384,1897
346,BEMB,3199,2144
347,BEMB,3539,2371
348,BEMB,3543,2031
349,BEMB,3301,2302
350,BEMB,2928,2347
351,BEMB,3254,2085
352,BEMB,3452,2142
353,BEMB,3141,2316
354,BEMB,3194,2176
355,BEMB,3518,2738
356,BEMB,3355,2277
357,BEMB,3184,2069
358,BEMB,3468,1913
359,BEMB,3829,2265
360,BEMB,3100,1879
361,BEMB,3171,1957
362,BEMB,3180,2045
363,BEMB,3267,2020
364,BEMB,3616,1868
365,BEMB,2872,1931
366,BEMB,3388,2528
367,BEMB,3050,2325
368,BEMB,3041,2174
369,BEMB,3357,2166
370,BEMB,2938,2170
371,BEMB,3065,2070
372,BEMB,3293,2211
373,BEMB,3150,1937
374,BEMB,3233,1976
375,BEMB,3204,2001
376,BEMB,3218,2167
377,BEMB,3088,1916
378,BEMB,3504,1786
379,BEMB,3023,1966
380,BEMB,3451,1810
381,BEMB,3526,2275
382,BEMB,2784,2170
383,BEMB,3041,2175
384,BEMB,3118,2668
385,BEMB,3324,1547
386,BEMB,2841,2170
387,BEMB,2998,2439
388,BEMB,3623,2482
389,BEMB,3172,1995
390,BEMB,3224,1448
391,BEMB,3164,2587
392,BEMB,3053,2598
393,BEMB,3494,1909
394,BEMB,2955,2487
395,BEMB,3115,1895
396,BEMB,3070,2333
397,BEMB,3349,2479
398,BEMB,3018,2213
399,BEMB,3422,2155
400,BEMB,3110,2310
401,BEMB,3379,1877
402,BEMB,3344,2345
403,BEMB,3443,2223
404,BEMB,3639,2694
405,BEMB,3175,1944
406,BEMB,3313,2432
407,BEMB,3067,2087
408,BEMB,3105,2086
409,BEMB,3424,2438
410,BEMB,2864,2004
411,BEMB,2946,2064
412,BEMB,2836,2026
413,BEMB,3409,2322
414,BEMB,2946,2018
415,BEMB,3364,1931
416,BEMB,2726,2256
417,BEMB,3166,2205
418,BEMB,4021,2295
419,BEMB,3525,2023
420,BEMB,3357,2074
421,BEMB,3454,1985
422,BEMB,2897,2240
423,BEMB,3185,2094
424,BEMB,3293,1824
425,BEMB,3594,1923
426,BEMB,3694,2241
427,BEMB,3132,2462
428,BEMB,2829,2061
429,BEMB,3638,2464
430,BEMB,3605,2174
431,BEMB,3668,2191
432,BEMB,3322,2250
433,BEMB,3150,2201
434,BEMB,3311,2534
435,BEMB,2670,1716
436,BEMB,2844,2141
437,BEMB,3086,1961
438,BEMB,3292,2091
439,BEMB,3301,2070
440,BEMB,3576,1897
441,BEMB,3824,2050
442,BEMB,3003,2000
443,BEMB,3219,1902
444,BEMB,3627,2274
445,BEMB,3341,2248
446,BEMB,3010,2300
447,BEMB,2749,2190
448,BEMB,3351,1976
449,BEMB,3479,2166
450,BEMB,3369,1973
451,BEMB,3158,2147
452,BEMB,3082,2618
453,BEMB,3540,1792
454,BEMB,3273,2224
455,BEMB,2958,1993
456,BEMB,3084,2400
457,BEMB,3480,2164
458,BEMB,2468,2076
459,BEMB,3509,1846
460,BEMB,3391,1494
461,BEMB,3186,2115
462,BEMB,3300,2192
463,BEMB,3217,2176
464,BEMB,3729,2535
465,BEMB,2899,2007
466,BEMB,3334,2217
467,BEMB,2968,2659
468,BEMB,3316,2046
469,BEMB,3083,2492
470,BEMB,3188,1858
471,BEMB,3064,2370
472,BEMB,3028,2226
473,BEMB,3382,1809
474,BEMB,3115,2477
475,BEMB,3156,2575
476,BEMB,3326,2414
477,BEMB,3608,2189
478,BEMB,3067,1935
479,BEMB,3199,1862
480,BEMB,3337,2404
481,BEMB,3230,1845
482,BEMB,3332,2444
483,BEMB,3361,2218
484,BEMB,3361,2290
485,BEMB,3151,2450
486,BEMB,3219,2479
487,BEMB,3597,1737
488,BEMB,2814,2516
489,BEMB,3230,1878
490,BEMB,2922,1895
491,BEMB,3419,1727
492,BEMB,3062,2122
493,BEMB,2994,2010
494,BEMB,3369,2246
495,BEMB,3207,2167
496,BEMB,3255,2285
497,BEMB,3555,2274
498,BEMB,3569,2095
499,BEMB,3180,2457
500,BEMB,3439,2089
201,MEBB,4124,1673
202,MEBB,4086,1696
203,MEBB,4288,1429
204,MEBB,4508,1272
205,MEBB,3977,1474
206,MEBB,4440,1631
207,MEBB,3904,1502
208,MEBB,4275,1703
209,MEBB,4302,1279
210,MEBB,4718,1205
211,MEBB,4208,1396
212,MEBB,3939,1415
213,MEBB,3983,1461
214,MEBB,4541,1491
215,MEBB,4273,1393
216,MEBB,4705,1185
217,MEBB,4253,1361
218,MEBB,4325,1499
219,MEBB,4203,1672
220,MEBB,4545,1564
221,MEBB,4092,1419
222,MEBB,4088,1584
223,MEBB,4365,1989
224,MEBB,4004,1914
225,MEBB,4470,1544
226,MEBB,4130,1593
227,MEBB,3736,1715
228,MEBB,4070,1192
229,MEBB,3903,1253
230,MEBB,4236,1351
231,MEBB,4445,1446
232,MEBB,4284,1210
233,MEBB,4304,1519
234,MEBB,4043,1434
235,MEBB,4213,1551
236,MEBB,4381,1588
237,MEBB,4396,1511
238,MEBB,4548,1564
239,MEBB,4218,1530
240,MEBB,4414,1446
241,MEBB,4224,1537
242,MEBB,4320,1144
243,MEBB,4064,1776
244,MEBB,4121,1688
245,MEBB,3882,1314
246,MEBB,3907,1146
247,MEBB,3936,1262
248,MEBB,4461,1458
249,MEBB,4461,1693
250,MEBB,4424,1093
251,MEBB,4378,1679
252,MEBB,3975,1403
253,MEBB,4210,1730
254,MEBB,3738,1435
255,MEBB,4295,1605
256,MEBB,4315,1603
257,MEBB,3965,1300
258,MEBB,4585,1480
259,MEBB,4221,1330
260,MEBB,4005,1723
261,MEBB,4641,1253
262,MEBB,4553,1396
263,MEBB,4190,1653
264,MEBB,4115,1128
265,MEBB,4065,1217
266,MEBB,4385,1584
267,MEBB,4037,1669
268,MEBB,4363,1743
269,MEBB,4045,1209
270,MEBB,4331,1550
271,MEBB,4394,1547
272,MEBB,4348,1199
273,MEBB,4666,1242
274,MEBB,3808,1815
275,MEBB,4383,840
276,MEBB,4628,1633
277,MEBB,4149,1129
278,MEBB,4255,1473
279,MEBB,4266,1209
280,MEBB,4604,1474
281,MEBB,4321,1134
282,MEBB,4448,1058
283,MEBB,3870,1722
284,MEBB,3942,1502
285,MEBB,4699,1104
286,MEBB,4242,1672
287,MEBB,4394,1205
288,MEBB,4073,1307
289,MEBB,4151,2024
290,MEBB,4450,1627
291,MEBB,4469,1575
292,MEBB,3826,1021
293,MEBB,4236,1381
294,MEBB,4047,1385
295,MEBB,4410,1273
296,MEBB,4340,1521
297,MEBB,4486,1551
298,MEBB,4296,1883
299,MEBB,4609,1255
300,MEBB,4806,1786
301,MEBB,4910,1149
302,MEBB,4473,1143
303,MEBB,4219,1063
304,MEBB,4892,1460
305,MEBB,4000,1693
306,MEBB,4011,1459
307,MEBB,3995,1576
308,MEBB,4379,1383
309,MEBB,4024,1616
310,MEBB,4263,1186
311,MEBB,4373,1490
312,MEBB,4151,1584
313,MEBB,4120,1447
314,MEBB,3928,1469
315,MEBB,4909,1601
316,MEBB,4760,1261
317,MEBB,4191,1055
318,MEBB,4727,1227
319,MEBB,4108,1073
320,MEBB,4015,2071
321,MEBB,4355,2074
322,MEBB,4137,1503
323,MEBB,4355,1338
324,MEBB,4124,1594
325,MEBB,4169,1285
326,MEBB,4632,1623
327,MEBB,4424,1523
328,MEBB,4774,1655
329,MEBB,4428,1332
330,MEBB,4304,1494
331,MEBB,4509,1282
332,MEBB,4276,1762
333,MEBB,4220,1764
334,MEBB,4288,1338
335,MEBB,4256,940
336,MEBB,4630,1314
337,MEBB,3992,1783
338,MEBB,4492,1190
339,MEBB,4256,1383
340,MEBB,3971,1695
341,MEBB,4376,1574
342,MEBB,4075,1185
343,MEBB,4472,1298
344,MEBB,4205,1650
345,MEBB,4068,1086
346,MEBB,4161,949
347,MEBB,4623,1325
348,MEBB,4462,983
349,MEBB,3804,1380
350,MEBB,4275,1464
351,MEBB,4578,1543
352,MEBB,4326,1286
353,MEBB,4248,1381
354,MEBB,4420,1981
355,MEBB,4398,1256
356,MEBB,3957,1506
357,MEBB,4176,1332
358,MEBB,4633,1693
359,MEBB,4417,1387
360,MEBB,4325,1497
361,MEBB,4194,1300
362,MEBB,4271,1157
363,MEBB,3751,1964
364,MEBB,4090,1192
365,MEBB,4437,1388
366,MEBB,4201,1377
367,MEBB,3998,1436
368,MEBB,4194,1314
369,MEBB,4188,1092
370,MEBB,3993,1652
371,MEBB,4267,1546
372,MEBB,3953,1851
373,MEBB,4443,1917
374,MEBB,5010,1361
375,MEBB,4000,1366
376,MEBB,4450,1174
377,MEBB,4112,1514
378,MEBB,4525,1208
379,MEBB,4048,1416
380,MEBB,3901,1425
381,MEBB,4086,1682
382,MEBB,4468,1223
383,MEBB,4136,1760
384,MEBB,4070,1492
385,MEBB,4538,1697
386,MEBB,4177,1471
387,MEBB,4216,1655
388,MEBB,4523,1094
389,MEBB,3946,1340
390,MEBB,4145,1517
391,MEBB,3810,1544
392,MEBB,3961,1441
393,MEBB,4480,1388
394,MEBB,4159,1090
395,MEBB,4249,1164
396,MEBB,4142,1281
397,MEBB,4315,1675
398,MEBB,4611,1715
399,MEBB,4221,1727
400,MEBB,4416,1211
401,MEBB,4143,1641
402,MEBB,4565,1016
403,MEBB,4354,1454
404,MEBB,4447,1312
405,MEBB,4244,1509
406,MEBB,4399,1425
407,MEBB,4244,1239
408,MEBB,4465,973
409,MEBB,4044,1401
410,MEBB,4293,1399
411,MEBB,4175,1718
412,MEBB,4417,1020
413,MEBB,4348,1302
414,MEBB,4170,1357
415,MEBB,3910,1225
416,MEBB,3861,1491
417,MEBB,4384,1033
418,MEBB,4445,1164
419,MEBB,4406,1330
420,MEBB,4191,2091
421,MEBB,4194,1806
422,MEBB,4574,1950
423,MEBB,3749,1538
424,MEBB,4337,1248
425,MEBB,4349,1243
426,MEBB,4371,870
427,MEBB,4184,1488
428,MEBB,4490,754
429,MEBB,3915,1620
430,MEBB,4239,1133
431,MEBB,4488,1230
432,MEBB,4061,1684
433,MEBB,4243,1796
434,MEBB,4463,1394
435,MEBB,4010,1377
436,MEBB,4492,1703
437,MEBB,4320,1446
438,MEBB,4263,1391
439,MEBB,4141,1494
440,MEBB,4626,1716
441,MEBB,4136,1643
442,MEBB,4475,1682
443,MEBB,4359,1179
444,MEBB,4085,1885
445,MEBB,4253,1363
446,MEBB,3733,2118
447,MEBB,4410,1917
448,MEBB,4725,1089
449,MEBB,4108,1303
450,MEBB,4205,713
451,MEBB,4376,1448
452,MEBB,4321,1099
453,MEBB,4061,1615
454,MEBB,4280,1510
455,MEBB,4947,1766
456,MEBB,4155,1492
457,MEBB,4148,1598
458,MEBB,4748,1599
459,MEBB,4239,1499
460,MEBB,4468,1454
461,MEBB,4168,1661
462,MEBB,4635,1649
463,MEBB,4230,1334
464,MEBB,4830,1655
465,MEBB,4390,1192
466,MEBB,3924,1932
467,MEBB,4019,1514
468,MEBB,4523,1441
469,MEBB,3830,1518
470,MEBB,4467,1659
471,MEBB,4038,1696
472,MEBB,4398,1551
473,MEBB,4293,1724
474,MEBB,4022,1696
475,MEBB,4570,1025
476,MEBB,4562,1320
477,MEBB,4284,1248
478,MEBB,4559,1206
479,MEBB,4557,1787
480,MEBB,4089,1390
481,MEBB,4759,1548
482,MEBB,4251,1374
483,MEBB,4525,1587
484,MEBB,4427,1548
485,MEBB,4319,1483
486,MEBB,4243,1008
487,MEBB,4232,1161
488,MEBB,4494,1184
489,MEBB,4466,1717
490,MEBB,3867,1910
491,MEBB,4524,1219
492,MEBB,3989,1612
493,MEBB,4628,1342
494,MEBB,4207,1317
495,MEBB,4425,1662
496,MEBB,4459,1565
497,MEBB,4067,1303
498,MEBB,4384,1718
499,MEBB,3793,1490
500,MEBB,3964,1292
501,MEBB,3977,1834
502,MEBB,4485,1294
503,MEBB,4326,1315
504,MEBB,4225,1901
505,MEBB,4082,1697
506,MEBB,4529,1304
507,MEBB,4228,1352
508,MEBB,4116,1515
509,MEBB,4527,1085
510,MEBB,4133,1139
511,MEBB,4400,1757
512,MEBB,4040,1246
513,MEBB,4080,1323
514,MEBB,4182,1369
515,MEBB,4048,1684
516,MEBB,4598,1432
517,MEBB,3986,1169
518,MEBB,4014,1308
519,MEBB,4265,1909
520,MEBB,4427,1628
521,MEBB,4388,1151
522,MEBB,4473,1550
523,MEBB,3884,1300
524,MEBB,4289,1495
525,MEBB,4310,1417
526,MEBB,4109,1603
527,MEBB,4270,1270
528,MEBB,4166,1756
529,MEBB,4349,1650
530,MEBB,4619,1704
531,MEBB,3962,1708
532,MEBB,4609,1665
533,MEBB,4662,1444
534,MEBB,4339,1352
535,MEBB,4202,1541
536,MEBB,4324,1385
537,MEBB,4138,1335
538,MEBB,4084,1478
539,MEBB,4287,1541
540,MEBB,4088,1383
541,MEBB,4433,1554
542,MEBB,3922,1336
543,MEBB,4312,1143
544,MEBB,4392,1650
545,MEBB,4960,1293
546,MEBB,4663,1460
547,MEBB,4235,1622
548,MEBB,4244,1571
549,MEBB,4468,1609
550,MEBB,3933,1306
551,MEBB,3965,1706
552,MEBB,4162,1404
553,MEBB,4210,1020
554,MEBB,4511,1192
555,MEBB,4197,1453
556,MEBB,4275,1791
557,MEBB,3777,914
558,MEBB,4363,1293
559,MEBB,4895,1248
560,MEBB,4282,1685
561,MEBB,4465,1431
562,MEBB,3953,1598
563,MEBB,4502,1256
564,MEBB,4045,958
565,MEBB,4077,1517
566,MEBB,4042,1619
567,MEBB,4315,1501
568,MEBB,4453,1168
569,MEBB,4311,1713
570,MEBB,4139,1536
571,MEBB,4110,1635
572,MEBB,4075,1724
573,MEBB,4256,1038
574,MEBB,4514,1618
575,MEBB,3970,1664
576,MEBB,4030,1238
577,MEBB,4241,1061
578,MEBB,4161,1747
579,MEBB,4557,1569
580,MEBB,4033,1558
581,MEBB,4232,1177
582,MEBB,4175,1289
583,MEBB,4418,1690
584,MEBB,4446,1243
585,MEBB,4360,1571
586,MEBB,4497,1386
587,MEBB,4286,1688
588,MEBB,4323,1646
589,MEBB,3867,1517
590,MEBB,4181,1354
591,MEBB,4416,1535
592,MEBB,4358,1507
593,MEBB,4573,1227
594,MEBB,4260,1430
595,MEBB,4123,1404
596,MEBB,3818,1631
597,MEBB,4397,1213
598,MEBB,4318,1655
599,MEBB,4323,1628
600,MEBB,4336,954
301,MEMB,4332,2298
302,MEMB,3724,2348
303,MEMB,4126,2419
304,MEMB,3608,2520
305,MEMB,4487,2101
306,MEMB,4044,1938
307,MEMB,4495,2156
308,MEMB,4096,2092
309,MEMB,4355,1823
310,MEMB,4020,2315
311,MEMB,4109,1839
312,MEMB,4310,2191
313,MEMB,4374,1802
314,MEMB,4390,1934
315,MEMB,4258,2236
316,MEMB,4617,2279
317,MEMB,4290,2526
318,MEMB,4702,2397
319,MEMB,4963,2092
320,MEMB,4088,1729
321,MEMB,3749,2140
322,MEMB,4216,2641
323,MEMB,4483,2021
324,MEMB,4310,2280
325,MEMB,3856,2347
326,MEMB,4503,1539
327,MEMB,4067,2053
328,MEMB,4666,1948
329,MEMB,4396,2100
330,MEMB,4219,2118
331,MEMB,4517,2451
332,MEMB,4426,2226
333,MEMB,3984,2050
334,MEMB,4675,2113
335,MEMB,4371,2238
336,MEMB,4612,2130
337,MEMB,4445,2299
338,MEMB,4274,2147
339,MEMB,4164,2332
340,MEMB,4469,2460
341,MEMB,4224,2169
342,MEMB,4600,2457
343,MEMB,4411,2180
344,MEMB,3875,1810
345,MEMB,4061,1787
346,MEMB,4095,2316
347,MEMB,4396,2177
348,MEMB,4763,2119
349,MEMB,4538,2082
350,MEMB,4080,1980
351,MEMB,4043,2704
352,MEMB,4285,2288
353,MEMB,4098,2604
354,MEMB,4345,1876
355,MEMB,4803,2397
356,MEMB,4360,2459
357,MEMB,3739,2240
358,MEMB,4071,2362
359,MEMB,3665,2393
360,MEMB,4560,2136
361,MEMB,4150,2058
362,MEMB,4080,2055
363,MEMB,4003,2092
364,MEMB,4243,2083
365,MEMB,3812,2158
366,MEMB,3864,1985
367,MEMB,4558,1568
368,MEMB,4384,2146
369,MEMB,4313,2121
370,MEMB,3782,2003
371,MEMB,4092,2649
372,MEMB,4726,2050
373,MEMB,4565,1953
374,MEMB,3993,2029
375,MEMB,4200,1881
376,MEMB,4517,2548
377,MEMB,4377,2203
378,MEMB,4345,1439
379,MEMB,3852,2327
380,MEMB,4487,2413
381,MEMB,4632,2313
382,MEMB,4444,2940
383,MEMB,4676,2227
384,MEMB,4263,1952
385,MEMB,3959,2097
386,MEMB,4444,2352
387,MEMB,4213,2178
388,MEMB,4068,2284
389,MEMB,4242,2019
390,MEMB,3945,2481
391,MEMB,4588,2401
392,MEMB,4321,2129
393,MEMB,4267,2203
394,MEMB,4171,1988
395,MEMB,4247,1775
396,MEMB,4160,2258
397,MEMB,4104,1930
398,MEMB,4290,2304
399,MEMB,4248,2154
400,MEMB,3942,2613
401,MEMB,4560,2294
402,MEMB,4057,2402
403,MEMB,4350,2027
404,MEMB,4084,2175
405,MEMB,4556,1970
406,MEMB,4128,2287
407,MEMB,4442,1767
408,MEMB,4420,1968
409,MEMB,4579,2264
410,MEMB,4334,2359
411,MEMB,4353,2110
412,MEMB,4136,2056
413,MEMB,4170,2319
414,MEMB,4120,2435
415,MEMB,3821,2315
416,MEMB,4161,2312
417,MEMB,4342,2083
418,MEMB,4357,2209
419,MEMB,4052,2323
420,MEMB,4311,2006
421,MEMB,4308,2339
422,MEMB,4428,2110
423,MEMB,4422,2029
424,MEMB,4312,2289
425,MEMB,4344,2489
426,MEMB,4243,2366
427,MEMB,4414,2581
428,MEMB,4186,2439
429,MEMB,4056,2316
430,MEMB,4393,1713
431,MEMB,4542,2227
432,MEMB,4267,1939
433,MEMB,4065,1980
434,MEMB,3905,1759
435,MEMB,4419,2343
436,MEMB,4245,1900
437,MEMB,4551,1840
438,MEMB,3979,1761
439,MEMB,3973,1986
440,MEMB,4305,2078
441,MEMB,4466,1912
442,MEMB,3998,2382
443,MEMB,4383,2193
444,MEMB,3544,2501
445,MEMB,4758,2247
446,MEMB,4489,2339
447,MEMB,4649,2370
448,MEMB,4034,2119
449,MEMB,4020,1491
450,MEMB,3894,2163
451,MEMB,4096,2173
452,MEMB,4257,2095
453,MEMB,4272,2414
454,MEMB,4220,2499
455,MEMB,3978,1881
456,MEMB,3884,1948
457,MEMB,4282,2314
458,MEMB,4249,2218
459,MEMB,4534,2249
460,MEMB,4063,1949
461,MEMB,3938,2354
462,MEMB,4529,1953
463,MEMB,4353,1638
464,MEMB,4186,1969
465,MEMB,3959,2556
466,MEMB,4322,2464
467,MEMB,4226,1872
468,MEMB,4429,2223
469,MEMB,4075,2187
470,MEMB,4508,2143
471,MEMB,4518,2004
472,MEMB,4253,2764
473,MEMB,4250,2294
474,MEMB,4637,2097
475,MEMB,4773,2228
476,MEMB,4159,2282
477,MEMB,4524,2100
478,MEMB,3957,2381
479,MEMB,4084,2641
480,MEMB,4821,1882
481,MEMB,4526,2076
482,MEMB,4242,2971
483,MEMB,4395,2154
484,MEMB,4017,1993
485,MEMB,4434,2265
486,MEMB,4213,2203
487,MEMB,4328,2833
488,MEMB,4255,1901
489,MEMB,4303,1723
490,MEMB,4581,2213
491,MEMB,4272,2313
492,MEMB,4247,2129
493,MEMB,4393,1896
494,MEMB,4344,2364
495,MEMB,4286,2454
496,MEMB,4324,2233
497,MEMB,4268,2693
498,MEMB,4093,2145
499,MEMB,4238,2272
500,MEMB,4379,2328
501,MEMB,4354,2186
502,MEMB,4486,2116
503,MEMB,4453,1928
504,MEMB,4018,2560
505,MEMB,4182,2015
506,MEMB,4427,1659
507,MEMB,4186,2308
508,MEMB,4504,1635
509,MEMB,4552,2194
510,MEMB,4543,2428
511,MEMB,4041,1551
512,MEMB,4143,1859
513,MEMB,4476,2152
514,MEMB,4270,2350
515,MEMB,4043,2273
516,MEMB,4164,2205
517,MEMB,4654,2066
518,MEMB,4658,2133
519,MEMB,4128,2750
520,MEMB,4896,2331
521,MEMB,4386,1847
522,MEMB,3907,2172
523,MEMB,4030,2654
524,MEMB,4135,2198
525,MEMB,4286,2106
526,MEMB,4380,2069
527,MEMB,4215,2349
528,MEMB,4871,2328
529,MEMB,4569,2291
530,MEMB,4099,2827
531,MEMB,4119,2506
532,MEMB,4377,2050
533,MEMB,4546,2562
534,MEMB,4145,2292
535,MEMB,3814,2570
536,MEMB,4213,2159
537,MEMB,4679,1922
538,MEMB,4057,2045
539,MEMB,4533,1926
540,MEMB,4787,2040
541,MEMB,3892,2446
542,MEMB,4404,1969
543,MEMB,4384,2427
544,MEMB,4201,2206
545,MEMB,3919,1813
546,MEMB,4578,2256
547,MEMB,4455,1933
548,MEMB,4635,2281
549,MEMB,4424,2334
550,MEMB,4272,2213
551,MEMB,4262,1947
552,MEMB,4622,2566
553,MEMB,4449,2260
554,MEMB,3592,2320
555,MEMB,4340,1942
556,MEMB,4333,1995
557,MEMB,4251,2233
558,MEMB,4375,2200
559,MEMB,4497,1944
560,MEMB,3905,2356
561,MEMB,4379,2246
562,MEMB,4129,1970
563,MEMB,4183,2469
564,MEMB,4360,2326
565,MEMB,4364,2044
566,MEMB,4371,2266
567,MEMB,4395,2260
568,MEMB,4190,1777
569,MEMB,4423,2166
570,MEMB,4398,2431
571,MEMB,4569,2170
572,MEMB,4583,2229
573,MEMB,4348,2040
574,MEMB,4459,2362
575,MEMB,4280,2245
576,MEMB,4324,2607
577,MEMB,4359,2167
578,MEMB,4317,1802
579,MEMB,4165,2086
580,MEMB,4461,2141
581,MEMB,3863,2297
582,MEMB,4111,2520
583,MEMB,4408,1759
584,MEMB,4228,2494
585,MEMB,4342,2187
586,MEMB,4188,2299
587,MEMB,4129,2069
588,MEMB,4118,1919
589,MEMB,3803,2301
590,MEMB,4318,2448
591,MEMB,3993,2469
592,MEMB,4257,2178
593,MEMB,4322,2035
594,MEMB,4084,2476
595,MEMB,4289,2321
596,MEMB,4240,2080
597,MEMB,4747,2023
598,MEMB,4685,2001
599,MEMB,4497,2485
600,MEMB,4047,1864
601,MEMB,3824,2028
602,MEMB,4407,1901
603,MEMB,4027,1951
604,MEMB,3980,2216
605,MEMB,4387,2059
606,MEMB,4544,1816
607,MEMB,4536,2515
608,MEMB,4333,2003
609,MEMB,4277,2308
610,MEMB,4069,2226
611,MEMB,3929,2447
612,MEMB,4424,2030
613,MEMB,4350,2475
614,MEMB,4241,2045
615,MEMB,4464,2124
616,MEMB,4535,2329
617,MEMB,4383,2027
618,MEMB,4430,1808
619,MEMB,4476,2265
620,MEMB,4098,2465
621,MEMB,4132,2561
622,MEMB,3650,2072
623,MEMB,4295,2351
624,MEMB,3817,2047
625,MEMB,4269,2288
626,MEMB,4639,2091
627,MEMB,4066,2102
628,MEMB,4344,1826
629,MEMB,4441,1729
630,MEMB,4307,2200
631,MEMB,4193,1938
632,MEMB,4760,1731
633,MEMB,4463,1941
634,MEMB,4196,2195
635,MEMB,4259,1980
636,MEMB,4095,2288
637,MEMB,4357,1803
638,MEMB,4102,2220
639,MEMB,4202,2122
640,MEMB,3926,1898
641,MEMB,4787,2148
642,MEMB,4364,1931
643,MEMB,4189,2304
644,MEMB,4870,2211
645,MEMB,4203,2079
646,MEMB,4078,2285
647,MEMB,4185,2247
648,MEMB,4325,2162
649,MEMB,4238,1872
650,MEMB,4448,2470
651,MEMB,4092,2650
652,MEMB,4243,2239
653,MEMB,4310,1928
654,MEMB,4095,2579
655,MEMB,4141,2353
656,MEMB,4031,2378
657,MEMB,4292,2134
658,MEMB,4002,2371
659,MEMB,4398,2082
660,MEMB,4020,2010
661,MEMB,4666,2275
662,MEMB,4331,2264
663,MEMB,4663,2465
664,MEMB,4051,2154
665,MEMB,4199,2099
666,MEMB,4304,2107
667,MEMB,4281,2044
668,MEMB,4063,2306
669,MEMB,4407,2077
670,MEMB,4762,1692
671,MEMB,4233,2241
672,MEMB,3874,1746
673,MEMB,4429,2203
674,MEMB,4813,2384
675,MEMB,4635,2222
676,MEMB,4328,1751
677,MEMB,4439,2302
678,MEMB,4021,1760
679,MEMB,4135,2473
680,MEMB,4359,1781
681,MEMB,4388,1912
682,MEMB,4214,2293
683,MEMB,4263,2146
684,MEMB,4264,2095
685,MEMB,4693,2252
686,MEMB,4093,2360
687,MEMB,4276,1543
688,MEMB,4408,1900
689,MEMB,4118,2616
690,MEMB,4166,2235
691,MEMB,3971,2200
692,MEMB,4277,2220
693,MEMB,4190,2317
694,MEMB,4369,2024
695,MEMB,4238,1927
696,MEMB,3862,2530
697,MEMB,4031,2343
698,MEMB,4325,2148
699,MEMB,4317,2224
700,MEMB,4233,2052
